"Name","Sequence"
"HQ433692.1","AGCATGCAAGTCAAACGAGATGTAGCAATACATCTAGTGGCGAACGGGTGAGTAACGCGTGGATGATCTA
CCTATGAGATGGGGATAACTATTAGAAATAGTAGCTAATACCGAATAAGGTCAATTAATTTGTTAATTGA
TGAAAGGAAGCCTTTAAAGCTTCGCTTGTAGATGAGTCTGCGTCTTATTAGTTAGTTGGTAGGGTAAATG
CCTACCAAGGCGATGATAAGTAACCGGCCTGAGAGGGTGAACGGTCACACTGGAACTGAGACACGGTCCA
GACTCCTACGGGAGGCAGCAGCTAAGAATCTTCCGCAATGGGCGAAAGCCTGACGGAGCGACACTGCGTG
AATGAAGAAGGTCGAAAGATTGTAAAATTCTTTTATAAATGAGGAATAAGCTTTGTAGGAAATGACGAAG
TGATGACGTTAATTTATGAATAAGCCCCGGCTAATTACGTGCCAGCAGCCGCGGTAATACG"
"HQ433694.1","AGCATGCAAGTCAAACGGGATGTAGCAATACATTCAGTGGCGAACGGGTGAGTAACGCGTGGATGATCTA
CCTATGAGATGGGGATAACTATTAGAAATAGTAGCTAATACCGAATAAGGTCAGTTAATTTGTTAATTGA
TGAAAGGAAGCCTTTAAAGCTTCGCTTGTAGATGAGTCTGCGTCTTATTAGCTAGTTGGTAGGGTAAATG
CCTACCAAGGCAATGATAAGTAACCGGCCTGAGAGGGTGAACGGTCACACTGGAACTGAGATACGGTCCA
GACTCCTACGGGAGGCAGCAGCTAAGAATCTTCCGCAATGGGCGAAAGCCTGACGGAGCGACACTGCGTG
AATGAAGAAGGTCGAAAGATTGTAAAATTCTTTTATAAATGAGGAATAAGCTTTGTAGGAAATGACAAAG
TGATGACGTTAATTTATGAATAAGCCCCGGCTAATTACGTGCCAGCAGCAGCGGTAATACG"
"HQ433691.1","AGCATGCAAGTCAAACGAGATGTAGTAATACATCTAGTGGCGAACGGGTGAGTAACGCGTGGATGATCTA
CCTATGAGATGGGGATAACTATTAGAAATAGTAGCTAATACCGAATAAGGTCAATTAATTTGTTAATTGA
TGAAAGGAAGCCTTTAAAGCTTCGCTTGTAGATGAGTCTGCGTCTTATTAGTTAGTTGGTAGGGTAAATG
CCTACCAAGGCGATGATAAGTAACCGGCCTGAGAGGGTGAACGGTCACACTGGAACTGAGACACGGTCCA
GACTCCTACGGGAGGCAGCAGCTAAGAATCTTCCGCAATGGGCGAAAGCCTGACGGAGCGACACTGCGTG
AATGAAGAAGGTCGAAAGATTGTAAAATTCTTTTATAAATGAGGAATAAGCTTTGTAGGAAATGACGAAG
TGATGACGTTAATTTATGAATAAGCCCCGGCTAATTACGTGCCAGCAGCCGCGGTAATACG"
